x_m,y_m
9.000000000000000222e-01,9.000000000000000222e-01
9.405681078749468238e-01,9.094339170058750588e-01
9.846946372784278756e-01,9.153098723306145601e-01
1.031037080431459030e+00,9.189709433433354002e-01
1.078759424063818306e+00,9.212539480543310288e-01
1.127341060654233784e+00,9.226807178330820314e-01
1.176457792414664194e+00,9.235773731639272954e-01
1.225907728929259699e+00,9.241488654718064133e-01
1.275565140765691163e+00,9.245258231522676118e-01
1.325351721313343001e+00,9.247944094723521413e-01
1.375218688126360833e+00,9.250160170079921862e-01
1.425135632650802675e+00,9.252413002060942970e-01
1.475083569702980490e+00,9.255217535163992038e-01
1.525050598009164871e+00,9.259214815253560271e-01
1.575029179930677259e+00,9.265318514101227310e-01
1.625014418597645394e+00,9.274923768464731211e-01
1.675002938653442408e+00,9.290226068362954503e-01
1.724992114779546393e+00,9.314723083301179596e-01
1.774979471662737396e+00,9.354014129585092041e-01
1.824962118252888787e+00,9.417080014106550268e-01
1.874936086997019524e+00,9.518335790316725387e-01
1.924895427015216764e+00,9.680925627741908679e-01
1.974830843941956626e+00,9.827727192073227869e-01
2.024727575536950042e+00,9.992295115220802826e-01
2.074562017488501109e+00,1.021224490968474452e+00
2.124296328162367242e+00,1.053785080018451170e+00
2.173869779094244503e+00,1.092925125921700991e+00
2.223184874194558347e+00,1.136162351691540451e+00
2.272085064912012342e+00,1.181950978520627693e+00
2.320318967679349864e+00,1.229328404920390971e+00
2.367482904772877372e+00,1.277695183530681122e+00
2.412928635069630623e+00,1.326678004585411852e+00
2.455615184591807942e+00,1.376044367970153726e+00
2.493870909536977543e+00,1.425649440343132124e+00
2.525011406203823583e+00,1.475402950377057154e+00
2.544725932942198288e+00,1.525248555321048860e+00
2.557520669317649986e+00,1.575150962669190413e+00
2.566320128362415076e+00,1.625087863317749459e+00
2.573135616654505409e+00,1.675044832361564540e+00
2.579524961502654534e+00,1.725012031997200879e+00
2.586948585737352424e+00,1.774981962910159750e+00
2.597103318631837965e+00,1.824947750176521666e+00
2.612310242591778575e+00,1.874901571883800022e+00
2.624616654685844708e+00,1.924832871297075698e+00
2.636835449189829816e+00,1.974725943921018079e+00
2.651759493273930346e+00,2.024556347927465527e+00
2.672799996669788403e+00,2.074285317473381962e+00
2.704766216783426991e+00,2.123850901952066383e+00
2.743536145965062012e+00,2.173153805862731769e+00
2.786542909963960479e+00,2.222034692696748248e+00
2.832188053845797082e+00,2.270237765157384402e+00
2.879476180894279480e+00,2.317352297192226906e+00
2.927787433388040039e+00,2.362718753732171884e+00
2.976735810858409881e+00,2.405278039792683842e+00
3.026080941429583060e+00,2.443329421590324291e+00
3.075673139690314084e+00,2.474141787359728450e+00
3.125419192896531140e+00,2.493329393202047051e+00
3.175261055208614902e+00,2.505277978901855995e+00
3.225162580075118246e+00,2.512718651103851730e+00
3.275101258165369345e+00,2.517352136230167403e+00
3.325063072378903861e+00,2.520237517921291026e+00
3.375039293934352536e+00,2.522034313273260331e+00
3.425024487215700741e+00,2.523153219582696227e+00
3.475015267341182046e+00,2.523849987998493472e+00
3.525009526470904930e+00,2.524283880914561351e+00
3.575005952009536081e+00,2.524554074792944469e+00
3.625003726579151486e+00,2.524722329062028869e+00
3.675002341184801846e+00,2.524827102551639779e+00
3.725001478867870475e+00,2.524892344078114803e+00
3.775000942253759817e+00,2.524932966455352812e+00
3.825000608433376748e+00,2.524958255133863627e+00
3.875000400865561634e+00,2.524973990585007488e+00
3.925000271878073654e+00,2.524983769546683909e+00
3.975000191767224855e+00,2.524989827129599185e+00
4.025000142004489412e+00,2.524993547694454499e+00
4.075000110997123670e+00,2.524995781272538320e+00
4.125000091433604688e+00,2.524997037855200688e+00
4.175000078606911025e+00,2.524997603962094939e+00
4.225000069332229380e+00,2.524997608133304539e+00
4.275000061211569502e+00,2.524997050315887837e+00
4.325000052077125900e+00,2.524995801862529810e+00
4.375000039486213410e+00,2.524993576142546825e+00
4.425000020152512370e+00,2.524989863047992333e+00
4.474999989183957361e+00,2.524983812424710816e+00
4.524999938953603085e+00,2.524974039783483448e+00
4.574999857346087495e+00,2.524958309881467855e+00
4.624999724979728555e+00,2.524933025848431267e+00
4.674999510770325273e+00,2.524892407085082002e+00
4.724999164823712405e+00,2.524827168022834023e+00
4.774998607033568376e+00,2.524722395745472969e+00
4.824997708779189765e+00,2.524554141355983550e+00
4.874996263540607444e+00,2.524283945970913212e+00
4.924993939714902069e+00,2.523850050139806900e+00
4.974990204848904085e+00,2.523153277413398676e+00
5.024984203969591334e+00,2.522034365447264115e+00
5.074974564201039762e+00,2.520237563179056561e+00
5.124959081007504302e+00,2.517352173434730389e+00
5.174934214344903971e+00,2.512718679274718703e+00
5.224894279553089049e+00,2.505277997246181609e+00
5.274830148047557898e+00,2.493329401143300927e+00
5.324727160823361061e+00,2.474141784565203395e+00
5.374561777855419997e+00,2.443329408000512792e+00
5.424296197541808695e+00,2.405278015658002921e+00
5.473869716346832170e+00,2.362718719666206280e+00
5.523184853704120378e+00,2.317352254256321853e+00
5.572085070728653555e+00,2.270237715000236634e+00
5.620318989872256310e+00,2.222034637786562516e+00
5.667482937159164180e+00,2.173153749871641338e+00
5.712928673800087509e+00,2.123850850387883682e+00
5.755615227270249434e+00,2.074285278710422453e+00
5.793870954671878515e+00,2.024556334879154207e+00
5.825011452866874606e+00,1.974725976743026301e+00
5.844725980555703693e+00,1.924832981744371008e+00
5.857520717522159970e+00,1.874901810321859763e+00
5.866320176934316066e+00,1.824948196852343774e+00
5.873135665454716658e+00,1.774982746061068983e+00
5.879525010444694999e+00,1.725013356937155740e+00
5.886948634767462885e+00,1.675047028192766740e+00
5.897103367716609590e+00,1.625091457943237838e+00
5.912310291710459964e+00,1.575156803250446380e+00
5.924616703825550168e+00,1.525258001711987665e+00
5.936835498342560413e+00,1.475418185746376176e+00
5.951759542434726491e+00,1.425673969983510148e+00
5.972800045835573890e+00,1.376083820307830274e+00
6.004766265952297566e+00,1.326741417479133878e+00
6.043536195135839506e+00,1.277797069873475522e+00
6.086542959135913478e+00,1.229492069685157896e+00
6.132188103018473946e+00,1.182213845435898358e+00
6.179476230067401765e+00,1.136584517078603973e+00
6.227787482561437216e+00,1.093603094861705260e+00
6.276735860031974923e+00,1.054873824550788042e+00
6.326080990603251131e+00,1.022972872200078598e+00
6.375673188864045215e+00,1.002037162134807202e+00
6.425419242070297798e+00,9.872813880833756217e-01
6.475261104382399324e+00,9.753328005137447132e-01
6.525162629248901780e+00,9.634602924820242498e-01
6.575101307339126677e+00,9.489501466425166454e-01
6.625063121552590140e+00,9.399143286198279323e-01
6.675039343107878942e+00,9.342875074036740557e-01
6.725024536388888308e+00,9.307835513067994615e-01
6.775015316513670172e+00,9.286015550237416427e-01
6.825009575641991511e+00,9.272427755742991273e-01
6.875006001177873749e+00,9.263966339190243815e-01
6.925003775742205825e+00,9.258697254734674642e-01
6.975002390337896152e+00,9.255416133533700407e-01
7.025001528002519535e+00,9.253372999500931728e-01
7.075000991354824187e+00,9.252100846252974131e-01
7.125000657474242161e+00,9.251308892839438247e-01
7.175000449800092106e+00,9.250816119567780715e-01
7.225000320627279926e+00,9.250509892112199761e-01
7.275000240197380563e+00,9.250320216559402287e-01
7.325000189891436975e+00,9.250203740828232268e-01
7.375000157968352177e+00,9.250133845641401731e-01
7.425000136874635004e+00,9.250094560124041410e-01
7.475000121510417372e+00,9.250076911303364291e-01
7.525000108055358794e+00,9.250076873103577624e-01
7.575000093086068809e+00,9.250094446029196726e-01
7.625000072783464589e+00,9.250133657173702506e-01
7.675000042049174631e+00,9.250203480551846269e-01
7.724999993329470627e+00,9.250319888115463574e-01
7.774999914878526042e+00,9.250509500256962614e-01
7.824999788064815220e+00,9.250815670204483032e-01
7.874999583105856793e+00,9.251308393033544908e-01
7.924999252257384441e+00,9.252100304220751692e-01
7.974998718901164629e+00,9.253372424562654741e-01
8.024997860038174835e+00,9.255415536025252132e-01
8.074996478186349691e+00,9.258696645874565645e-01
8.124994256260015035e+00,9.263965730903054308e-01
8.174990685117927924e+00,9.272427160444711713e-01
8.224984947219196485e+00,9.286014980592941503e-01
8.274975729793466073e+00,9.307834981736163860e-01
8.324960924820217656e+00,9.342874593424034257e-01
8.374937147239382540e+00,9.399142868249070748e-01
8.424898961268004527e+00,9.489501122485465290e-01
8.474837637978733795e+00,9.634602665624975026e-01
8.524739160155684559e+00,9.753327840991664610e-01
8.574581018392263942e+00,9.872813822090805713e-01
8.624327066108325113e+00,1.002037167934085149e+00
8.673919257488639900e+00,1.022972891066880718e+00
8.723264379870194318e+00,1.054873858410375176e+00
8.772212747980358216e+00,1.093603146610455434e+00
8.820523990137520087e+00,1.136584591291165403e+00
8.867812106117899162e+00,1.182213949497497474e+00
8.913457238488055268e+00,1.229492215602893346e+00
8.956463990852551404e+00,1.277797277174854029e+00
8.995233908618722296e+00,1.326741717854284408e+00
9.027200117884714103e+00,1.376084265050508737e+00
9.048240611342412976e+00,1.425674641926281794e+00
9.063164646717632777e+00,1.475419218413521083e+00
9.075383434025587448e+00,1.525259610064650051e+00
9.087689840670224228e+00,1.575159333049573451e+00
9.102896761098596912e+00,1.625095465012750040e+00
9.113051492476252236e+00,1.675053405701021569e+00
9.120475117219566386e+00,1.725023539791408655e+00
9.126864464513205988e+00,1.774999039136109014e+00
9.133679956982778236e+00,1.824974302079618305e+00
9.142479421590552491e+00,1.874943673118876220e+00
9.155274164385927449e+00,1.924900150255350439e+00
9.174988697623222222e+00,1.974833784574413498e+00
9.206129199729039314e+00,2.024729406239225149e+00
9.244384927368212601e+00,2.074563157123987978e+00
9.287071474304269714e+00,2.124297037543567246e+00
9.332517192853252652e+00,2.173870220616049398e+00
9.379681103004115172e+00,2.223185148968620517e+00
9.427914954147118110e+00,2.272085235890580535e+00
9.476815053519624499e+00,2.320319074054484787e+00
9.526129993585829681e+00,2.367482970942707876e+00
9.575703187466560351e+00,2.412928676221452573e+00
9.625437077661134211e+00,2.455615210178470953e+00
9.675270837198736373e+00,2.493870925441433961e+00
9.725166466340665394e+00,2.525011416086814009e+00
9.775100106937696154e+00,2.544725939081296406e+00
9.825056589153502884e+00,2.557520673129612288e+00
9.875025964091321384e+00,2.566320130728335869e+00
9.925001229781420520e+00,2.573135618122206481e+00
9.974976730754791632e+00,2.579524962412648836e+00
1.002494686539070123e+01,2.586948586301222708e+00
1.007490480557377666e+01,2.597103318981006215e+00
1.012484093600969182e+01,2.612310242807841298e+00
1.017474065647035175e+01,2.624616654819438732e+00
1.022458104462336337e+01,2.636835449272362908e+00
1.027432561666274857e+01,2.651759493324873151e+00
1.032391598816971623e+01,2.672799996701201941e+00
1.037325852911374824e+01,2.704766216802777734e+00
1.042220296270800617e+01,2.743536145976969376e+00
1.047050801642862616e+01,2.786542909971279069e+00
1.051778627400243415e+01,2.832188053850289489e+00
1.056341562310351812e+01,2.879476180897033721e+00
1.060639705823279932e+01,2.927787433389726246e+00
1.064512633658251950e+01,2.976735810859440612e+00
1.067702729394136618e+01,3.026080941430211890e+00
1.069796300713391091e+01,3.075673139690697333e+00
1.071271878315190840e+01,3.125419192896764287e+00
1.072466737198335451e+01,3.175261055208757011e+00
1.073653988086922517e+01,3.225162580075204399e+00
1.075105002736284732e+01,3.275101258165421303e+00
1.076008584600733542e+01,3.325063072378935392e+00
1.076571266798197435e+01,3.375039293934371631e+00
1.076921662518678069e+01,3.425024487215712732e+00
1.077139862323748254e+01,3.475015267341189151e+00
1.077275740559961648e+01,3.525009526470909815e+00
1.077360355209242471e+01,3.575005952009539190e+00
1.077413046856339207e+01,3.625003726579153707e+00
1.077445859394452654e+01,3.675002341184803178e+00
1.077466292916013835e+01,3.725001478867871363e+00
1.077479018020748391e+01,3.775000942253760261e+00
1.077486943382820073e+01,3.825000608433377192e+00
1.077491880592334184e+01,3.875000400865561634e+00
1.077494958234895783e+01,3.925000271878073654e+00
1.077496879855888068e+01,3.975000191767224855e+00
1.077498084772629205e+01,4.025000142004489412e+00
1.077498848491363148e+01,4.075000110997123670e+00
1.077499345681423115e+01,4.125000091433604688e+00
1.077499690100552776e+01,4.175000078606911025e+00
1.077499960597069162e+01,4.225000069332229380e+00
1.077500219132138959e+01,4.275000061211569502e+00
1.077500524941494398e+01,4.325000052077125900e+00
1.077500948073528519e+01,4.375000039486213410e+00
1.077501585398212569e+01,4.425000020152512370e+00
1.077502582746078374e+01,4.474999989183957361e+00
1.077504168237704540e+01,4.524999938953603085e+00
1.077506704422011552e+01,4.574999857346087495e+00
1.077510771140853230e+01,4.624999724979728555e+00
1.077517298060565842e+01,4.674999510770325273e+00
1.077527777163582812e+01,4.724999164823712405e+00
1.077544603769806209e+01,4.774998607033568376e+00
1.077571624035631714e+01,4.824997708779189765e+00
1.077615014073385780e+01,4.874996263540607444e+00
1.077684691632841307e+01,4.924993939714902069e+00
1.077796583014911036e+01,4.974990204848904085e+00
1.077976263369205689e+01,5.024984203969591334e+00
1.078264802443415071e+01,5.074974564201039762e+00
1.078728151955699488e+01,5.124959081007504302e+00
1.079472220275081362e+01,5.174934214344903083e+00
1.080667080050919715e+01,5.224894279553088161e+00
1.082585841963754980e+01,5.274830148047557010e+00
1.085667080026140496e+01,5.324727160823359284e+00
1.089472219913613849e+01,5.374561777855415556e+00
1.093728150566727031e+01,5.424296197541796261e+00
1.098264798807707976e+01,5.473869716346800196e+00
1.102976255472551870e+01,5.523184853704043995e+00
1.107796567603016413e+01,5.572085070728479472e+00
1.112684663485298486e+01,5.620318989871871729e+00
1.117614964830018032e+01,5.667482937158330181e+00
1.122571540306170412e+01,5.712928673798318258e+00
1.127544464094061283e+01,5.755615227266574152e+00
1.132527547126580281e+01,5.793870954664407158e+00
1.137516922445495560e+01,5.825011452851982519e+00
1.142510161325721896e+01,5.844725980526576770e+00
1.147505718138882713e+01,5.857520717466218940e+00
1.152502577067859946e+01,5.866320176828709876e+00
1.157500019921364398e+01,5.873135665258572224e+00
1.162497461977523550e+01,5.879525010085941084e+00
1.167494318334956560e+01,5.886948634120674484e+00
1.172489870222915087e+01,5.897103366566112115e+00
1.177483100712720621e+01,5.912310289689386877e+00
1.182472462278730418e+01,5.924616700315876727e+00
1.187455523079836794e+01,5.936835492312044771e+00
1.192428411111500530e+01,5.951759532172130385e+00
1.197384929177334811e+01,5.972800028522225801e+00
1.202315138388025773e+01,6.004766236970650262e+00
1.207203086415948334e+01,6.043536146955714727e+00
1.212023161249434722e+01,6.086542879522869320e+00
1.216734237019156062e+01,6.132187972154230060e+00
1.221270273799849804e+01,6.179476015924225685e+00
1.225525222770694889e+01,6.227787133474052439e+00
1.229328786485304192e+01,6.276735292770912800e+00
1.232407493741630589e+01,6.326080071226283685e+00
1.234322191879174468e+01,6.375671701972632555e+00
1.235510526188415170e+01,6.425416841448610583e+00
1.236244115960615808e+01,6.475257233741819718e+00
1.236690638897542982e+01,6.525156394968412599e+00
1.236952157443362665e+01,6.575091274119798435e+00
1.237088447343072595e+01,6.625046984284582052e+00
1.237130660669341431e+01,6.675013399953498627e+00
1.237088446295283184e+01,6.724982842647951209e+00
1.236952155349787397e+01,6.774948325872041544e+00
1.236690635759499557e+01,6.824901958233015264e+00
1.236244111772799670e+01,6.874833139727591913e+00
1.235510520928473532e+01,6.924726138915181295e+00
1.234322185490562163e+01,6.974556497187394122e+00
1.232407486106028394e+01,7.024285438251177460e+00
1.229328777378513671e+01,7.073851004991935199e+00
1.225525211792170666e+01,7.123153897855959649e+00
1.221270260260017437e+01,7.172034777810556427e+00
1.216734219759024960e+01,7.220237845987049319e+00
1.212023138351556639e+01,7.267352375354039218e+00
1.207203054740954151e+01,7.312718830232714851e+00
1.202315092831135246e+01,7.355278115258818694e+00
1.197384861475253892e+01,7.393329496412425428e+00
1.192428307927387898e+01,7.424141861780889862e+00
1.187455362929037861e+01,7.443329467373636987e+00
1.182472210593030049e+01,7.455278052918119513e+00
1.177482701915383601e+01,7.462718725023464117e+00
1.172489235003523866e+01,7.467352210089652331e+00
1.167493303215815104e+01,7.470237591743381422e+00
1.162495836501402913e+01,7.472034387072101325e+00
1.157497413960865273e+01,7.473153293367087002e+00
1.152498396212923737e+01,7.473850061773907427e+00
1.147499007822441897e+01,7.474283954684400655e+00
1.142499388630368351e+01,7.474554148559323430e+00
1.137499625718171004e+01,7.474722402826262879e+00
1.132499773312911451e+01,7.474827176314543742e+00
1.127499865182683614e+01,7.474892417840194980e+00
1.122499922355667223e+01,7.474933040216922286e+00
1.117499957927156906e+01,7.474958328895118242e+00
1.112499980053329729e+01,7.474974064346067593e+00
1.107499993816058037e+01,7.474983843307623665e+00
1.102500002385027145e+01,7.474989900890466110e+00
1.097500007742810091e+01,7.474993621455275239e+00
1.092500011138649540e+01,7.474995855033331082e+00
1.087500013374689267e+01,7.474997111615976131e+00
1.082500014990099757e+01,7.474997677722857503e+00
1.077500016385189241e+01,7.474997681894056889e+00
1.072500017913876746e+01,7.474997124076629085e+00
1.067500019965651781e+01,7.474995875623249297e+00
1.062500023055734388e+01,7.474993649903222348e+00
1.057500027944007215e+01,7.474989936808571933e+00
1.052500035809856094e+01,7.474983886185083470e+00
1.047500048522814353e+01,7.474974113543417786e+00
1.042500069070804614e+01,7.474958383640490922e+00
1.037500102243775579e+01,7.474933099605603815e+00
1.032500155728916447e+01,7.474892480838571274e+00
1.027500241867706521e+01,7.474827241769139263e+00
1.022500380476348347e+01,7.474722469478030540e+00
1.017500603374211821e+01,7.474554215062696905e+00
1.012500961655345755e+01,7.474284019629854114e+00
1.007501537365124911e+01,7.473850123711834215e+00
1.002502462251025683e+01,7.473153350829628394e+00
9.975039478734927911e+00,7.472034438588038618e+00
9.925063339594832001e+00,7.470237635838972601e+00
9.875101660510502199e+00,7.467352245264943456e+00
9.825163201973499127e+00,7.462718749688402653e+00
9.775262031912484773e+00,7.455278065264447918e+00
9.725420741190367480e+00,7.443329465145160917e+00
9.675675607204592410e+00,7.424141841883177051e+00
9.626084885843173566e+00,7.393329454268212864e+00
9.576742127101525170e+00,7.355278043759470030e+00
9.527797557930183459e+00,7.312718718045991828e+00
9.479492419821660576e+00,7.267352204203577415e+00
9.432214109727556917e+00,7.220237586286105014e+00
9.386584727943747097e+00,7.172034381658400903e+00
9.343603272479493072e+00,7.123153287804246503e+00
9.304873981479735434e+00,7.073850056022862987e+00
9.272973016253143186e+00,7.024283948858689897e+00
9.252037298168390933e+00,6.974554142962419157e+00
9.237281519109224348e+00,6.924722398036863957e+00
9.225332928387873110e+00,6.874827173340517739e+00
9.213460418327956702e+00,6.824892418377682901e+00
9.198950271105285736e+00,6.774933047075266224e+00
9.189914452008283163e+00,6.724958346686128685e+00
9.184287629752914128e+00,6.674974100596456239e+00
9.180783672374044357e+00,6.624983910249857111e+00
9.178601674215482120e+00,6.574990018341932974e+00
9.177242891786557166e+00,6.524993821443807462e+00
9.176396745252418441e+00,6.474996189225518783e+00
9.175869828755894630e+00,6.424997663244470303e+00
9.175541703358973677e+00,6.374998580736257026e+00
9.175337368133620330e+00,6.324999151702878741e+00
9.175210117080265348e+00,6.274999506918557124e+00
9.175130863455848385e+00,6.224999727826003415e+00
9.175081491358431762e+00,6.174999865156686418e+00
9.175050714931417772e+00,6.124999950531340609e+00
9.175031498720636947e+00,6.075000003692444750e+00
9.175019449552699768e+00,6.025000037022011590e+00
9.175011812365038821e+00,5.975000058377555767e+00
9.175006840464240199e+00,5.925000072894634151e+00
9.175003396272821021e+00,5.875000084168150671e+00
9.175000691307582557e+00,5.825000095082536689e+00
9.174998105956834848e+00,5.775000108480569772e+00
9.174995047863232500e+00,5.725000127823633989e+00
9.174990816542830885e+00,5.675000157994096739e+00
9.174984443295883807e+00,5.625000206422854809e+00
9.174974469817009037e+00,5.575000284799259909e+00
9.174958614900294407e+00,5.525000411753631546e+00
9.174933253056288152e+00,5.475000617124750057e+00
9.174892585865963568e+00,5.425000948786950161e+00
9.174827316665037813e+00,5.375001483596487439e+00
9.174722525627444725e+00,5.325002344958432943e+00
9.174554259550976809e+00,5.275003731028770737e+00
9.174284056865907644e+00,5.225005959997450766e+00
9.173850156438701831e+00,5.175009542802632367e+00
9.173153380753603869e+00,5.125015299896618970e+00
9.172034466770289995e+00,5.075024548753276576e+00
9.170237662939287659e+00,5.025039404976496371e+00
9.167352271693442134e+00,4.975063265835507842e+00
9.162718775699925544e+00,4.925101586750627369e+00
9.155278091017294173e+00,4.875163128213286790e+00
9.143329490737620802e+00,4.825261958152069042e+00
9.124141867376248882e+00,4.775420667429830068e+00
9.093329479699738371e+00,4.725675533443989274e+00
9.055278069152908671e+00,4.676084812082550002e+00
9.012718743415879530e+00,4.626742053340934469e+00
8.967352229558915866e+00,4.577797484169711772e+00
8.920237611632463981e+00,4.529492346061466890e+00
8.872034406999221190e+00,4.482214035967960974e+00
8.823153313141654408e+00,4.436584654185370624e+00
8.773850081358171238e+00,4.393603198723552872e+00
8.724283974192706737e+00,4.354873907728564753e+00
8.674554168295641077e+00,4.322972942511138505e+00
8.624722423369599156e+00,4.302037224443697738e+00
8.574827198672949180e+00,4.287281445416709857e+00
8.524892443709921608e+00,4.275332854754260836e+00
8.474933072407369039e+00,4.263460344800650503e+00
8.424958372018110708e+00,4.248950197767303649e+00
8.374974125928286384e+00,4.239914379003328015e+00
8.324983935581430572e+00,4.234287557327097495e+00
8.274990043673017936e+00,4.230783600944824308e+00
8.224993846773944739e+00,4.228601604484824250e+00
8.174996214553818419e+00,4.227242824925749431e+00
8.124997688569266074e+00,4.226396683202592541e+00
8.074998606054487382e+00,4.225869774715035554e+00
8.024999177009011220e+00,4.225541662568972789e+00
7.974999532202760477e+00,4.225337349149657307e+00
7.924999753071064745e+00,4.225210133814964131e+00
7.874999890332863295e+00,4.225130938467508201e+00
7.824999975587860312e+00,4.225081661136584898e+00
7.775000028543559871e+00,4.225051038388715874e+00
7.725000061524283090e+00,4.225032070832015485e+00
7.675000082293000681e+00,4.225020423258026625e+00
7.625000095831189206e+00,4.225013433738809887e+00
7.575000105483717938e+00,4.225009505186746672e+00
7.525000113730623497e+00,4.225007740304479675e+00
7.475000122762269328e+00,4.225007736484379883e+00
7.425000134989374168e+00,4.225009493776867409e+00
7.375000153604388764e+00,4.225013414891276575e+00
7.325000183322300629e+00,4.225020397229071634e+00
7.275000231469846312e+00,4.225032037985435807e+00
7.225000309671574250e+00,4.225050999199618573e+00
7.175000436517488644e+00,4.225081616194461098e+00
7.125000641821298331e+00,4.225130888477575120e+00
7.075000973441747831e+00,4.225210079596742219e+00
7.025001508225402702e+00,4.225337291631864112e+00
6.975002369571313032e+00,4.225541602780022110e+00
6.925003755631723656e+00,4.225869713768739544e+00
6.875005984594263708e+00,4.226396622278985049e+00
6.825009567395650123e+00,4.227242765247329892e+00
6.775015324487292823e+00,4.228601547288849183e+00
6.725024573342503587e+00,4.230783547452589666e+00
6.675039429564830762e+00,4.234287508711410908e+00
6.625063290423293338e+00,4.239914336355511182e+00
6.575101611338075358e+00,4.248950162065195713e+00
6.525163152800527833e+00,4.263460316879021050e+00
6.475261982739179523e+00,4.275332835279004762e+00
6.425420692016857949e+00,4.287281434864003593e+00
6.375675558030957646e+00,4.302037223085095619e+00
6.326084836669459754e+00,4.322972950405301162e+00
6.276742077927764285e+00,4.354873924720054745e+00
6.227797508756394151e+00,4.393603224448773936e+00
6.179492370647852617e+00,4.436584688085471129e+00
6.132214060553740076e+00,4.482214077308191769e+00
6.086584678769924039e+00,4.529492393956226159e+00
6.043603223305666461e+00,4.577797537612267931e+00
6.004873932305906159e+00,4.626742111236634258e+00
5.972972967079313023e+00,4.676084873284153787e+00
5.952037248994559882e+00,4.725675596787709765e+00
5.937281469935394185e+00,4.775420731770617877e+00
5.925332879214041171e+00,4.825262022396737294e+00
5.913460369154123875e+00,4.875163191350195824e+00
5.898950221931453797e+00,4.925101647874807753e+00
5.889914402834451224e+00,4.975063324168368162e+00
5.884287580579080412e+00,5.025039459879542036e+00
5.880783623200209753e+00,5.075024599735576736e+00
5.878601625041648404e+00,5.125015346616128120e+00
5.877242842612724338e+00,5.175009585061774331e+00
5.876396696078584725e+00,5.225005997733685348e+00
5.875869779582063579e+00,5.275003764301129827e+00
5.875541654185141738e+00,5.325002373931221555e+00
5.875337318959787503e+00,5.375001508521472182e+00
5.875210067906434297e+00,5.425000969985472210e+00
5.875130814282017333e+00,5.475000634971249447e+00
5.875081442184599823e+00,5.525000426662146857e+00
5.875050665757584945e+00,5.575000297214582901e+00
5.875031449546803231e+00,5.625000216818334842e+00
5.875019400378866941e+00,5.675000166878657382e+00
5.875011763191206882e+00,5.725000135761658449e+00
5.875006791290409147e+00,5.775000116130256878e+00
5.875003347098991746e+00,5.825000103261563034e+00
5.875000642133756834e+00,5.875000093960917269e+00
5.874998056783014455e+00,5.925000085824218665e+00
5.874994998689431647e+00,5.975000076679876315e+00
5.874990767369072664e+00,6.025000064082862039e+00
5.874984394122220621e+00,6.075000044745403116e+00
5.874974420643551909e+00,6.125000013774536178e+00
5.874958565727275150e+00,6.174999963542762593e+00
5.874933203884179278e+00,6.224999881934375701e+00
5.874892536695706546e+00,6.274999749567482965e+00
5.874827267498464067e+00,6.324999535357751945e+00
5.874722476468055454e+00,6.374999189410939238e+00
5.874554210405335652e+00,6.424998631620673528e+00
5.874284007746111591e+00,6.474997733366221198e+00
5.873850107366678230e+00,6.524996288127593580e+00
5.873153331768494745e+00,6.574993964301859783e+00
5.872034417940977136e+00,6.624990229435844924e+00
5.870237614385430902e+00,6.674984228556523291e+00
5.867352223620442508e+00,6.724974588787965502e+00
5.862718728456628448e+00,6.774959105594426489e+00
5.855278045190525305e+00,6.824934238931823494e+00
5.843329447306268243e+00,6.874894304140006795e+00
5.824141827961303086e+00,6.924830172634474756e+00
5.793329446968678909e+00,6.974727185410277919e+00
5.755278047472123681e+00,7.024561802442336855e+00
5.712718739901328391e+00,7.074296222128725553e+00
5.667352255766047620e+00,7.123869740933749028e+00
5.620237686272122168e+00,7.173184878291036348e+00
5.572034560300266115e+00,7.222085095315569525e+00
5.523153593856729771e+00,7.270319014459172280e+00
5.473850568012480267e+00,7.317482961746080150e+00
5.424284793144640737e+00,7.362928698387003479e+00
5.374555522734290491e+00,7.405615251857165404e+00
5.324724639873250176e+00,7.443870979258794485e+00
5.274830801966027494e+00,7.475011477453790576e+00
5.224898276700692179e+00,7.494726005142619663e+00
5.174942488938462759e+00,7.507520742109075940e+00
5.124973546382105560e+00,7.516320201521232036e+00
5.074998549890143984e+00,7.523135690041632628e+00
5.025023216509046264e+00,7.529525035031610969e+00
4.975053186202845090e+00,7.536948659354378854e+00
4.925095310962166906e+00,7.547103392303525560e+00
4.875159220947374195e+00,7.562310316297375934e+00
4.825259525642652036e+00,7.574616728412466138e+00
4.775419153143309003e+00,7.586835522929476383e+00
4.725674590843178535e+00,7.601759567021642461e+00
4.676084225394626870e+00,7.622800070422489860e+00
4.626741688218556803e+00,7.654766290539213536e+00
4.577797256967251371e+00,7.693536219722755476e+00
4.529492204703247538e+00,7.736542983722829447e+00
4.482213948035033368e+00,7.782188127605389916e+00
4.436584599497358283e+00,7.829476254654317735e+00
4.393603164719610099e+00,7.877787507148353185e+00
4.354873886591338561e+00,7.926735884618890893e+00
4.322972929376080131e+00,7.976081015190167101e+00
4.302037216284197108e+00,8.025673213450961185e+00
4.287281440350025896e+00,8.075419266657213768e+00
4.275332851609467077e+00,8.125261128969315294e+00
4.263460342849695550e+00,8.175162653835819526e+00
4.248950196557635728e+00,8.225101331926044423e+00
4.239914378253735627e+00,8.275063146139505221e+00
4.234287556862905255e+00,8.325039367694794024e+00
4.230783600657573196e+00,8.375024560975802501e+00
4.228601604307207218e+00,8.425015341100586141e+00
4.227242824816014100e+00,8.475009600228908369e+00
4.226396683134856502e+00,8.525006025764790607e+00
4.225869774673264523e+00,8.575003800329122683e+00
4.225541662543240484e+00,8.625002414924811234e+00
4.225337349133822862e+00,8.675001552589431952e+00
4.225210133805230583e+00,8.725001015941728610e+00
4.225130938461533425e+00,8.775000682061127932e+00
4.225081661132921163e+00,8.825000474386934357e+00
4.225051038386472335e+00,8.875000345214024478e+00
4.225032070830643249e+00,8.925000264783912840e+00
4.225020423257188185e+00,8.975000214477519833e+00
4.225013433738298296e+00,9.025000182553499783e+00
4.225009505186435810e+00,9.075000161457877468e+00
4.225007740304290493e+00,9.125000146089863762e+00
4.225007736484264420e+00,9.175000132627383564e+00
4.225009493776799019e+00,9.225000117643858744e+00
4.225013414891235719e+00,9.275000097314441305e+00
4.225020397229046765e+00,9.325000066530485299e+00
4.225032037985420708e+00,9.375000017720243051e+00
4.225050999199610580e+00,9.424999939106688984e+00
4.225081616194457546e+00,9.474999812004943678e+00
4.225130888477572455e+00,9.524999606542273511e+00
4.225210079596740442e+00,9.574999274823223772e+00
4.225337291631864112e+00,9.624998739978403606e+00
4.225541602780022110e+00,9.674997878594574274e+00
4.225869713768739544e+00,9.724996492510667778e+00
4.226396622278985049e+00,9.774994263533580252e+00
4.227242765247329892e+00,9.824990680723194814e+00
4.228601547288849183e+00,9.874984923625987676e+00
4.230783547452589666e+00,9.924975674767340550e+00
4.234287508711410908e+00,9.974960818542891516e+00
4.239914336355511182e+00,1.002493695768312421e+01
4.248950162065195713e+00,1.007489863676753750e+01
4.263460316879021050e+00,1.012483709530459031e+01
4.275332835279004762e+00,1.017473826536563486e+01
4.287281434864003593e+00,1.022457955608776814e+01
4.302037223085095619e+00,1.027432469007355387e+01
4.322972950405301162e+00,1.032391541143497626e+01
4.354873924720054745e+00,1.037325817017661933e+01
4.393603224448773936e+00,1.042220273934793440e+01
4.436584688085471129e+00,1.047050787745639688e+01
4.482214077308191769e+00,1.051778618755035843e+01
4.529492393956226159e+00,1.056341556933386272e+01
4.577797537612267931e+00,1.060639702479745594e+01
4.626742111236634258e+00,1.064512631579582802e+01
4.676084873284153787e+00,1.067702728101957987e+01
4.725675596787709765e+00,1.069796299909863002e+01
4.775420731770617877e+00,1.071271877814657714e+01
4.825262022396737294e+00,1.072466736884627281e+01
4.875163191350195824e+00,1.073653987886514294e+01
4.925101647874807753e+00,1.075105002601133464e+01
4.975063324168368162e+00,1.076008584496813469e+01
5.025039459879542036e+00,1.076571266697035867e+01
5.075024599735576736e+00,1.076921662389858270e+01
5.125015346616128120e+00,1.077139862126539960e+01
5.175009585061774331e+00,1.077275740232003720e+01
5.225005997733685348e+00,1.077360354649500174e+01
5.275003764301129827e+00,1.077413045898208033e+01
5.325002373931221555e+00,1.077445857762607773e+01
5.375001508521472182e+00,1.077466290156860040e+01
5.425000969985472210e+00,1.077479013390290241e+01
5.475000634971249447e+00,1.077486935666054357e+01
5.525000426662146857e+00,1.077491867812656601e+01
5.575000297214582901e+00,1.077494937186946089e+01
5.625000216818334842e+00,1.077496845355010890e+01
5.675000166878657382e+00,1.077498028449490519e+01
5.725000135761658449e+00,1.077498756856467743e+01
5.775000116130256878e+00,1.077499197017589339e+01
5.825000103261563034e+00,1.077499449473696203e+01
5.875000093960917269e+00,1.077499571845748072e+01
5.925000085824218665e+00,1.077499592005906059e+01
5.975000076679876315e+00,1.077499514449385387e+01
6.025000064082862039e+00,1.077499321323548997e+01
6.075000044745403116e+00,1.077498968349487640e+01
6.125000013774536178e+00,1.077498374703860939e+01
6.174999963542762593e+00,1.077497404548219784e+01
6.224999881934375701e+00,1.077495835983854278e+01
6.274999749567482965e+00,1.077493310335997023e+01
6.324999535357751945e+00,1.077489250175050550e+01
6.374999189410939238e+00,1.077482727336660773e+01
6.424998631620673528e+00,1.077472250773615947e+01
6.474997733366221198e+00,1.077455425748413909e+01
6.524996288127593580e+00,1.077428406467502242e+01
6.574993964301859783e+00,1.077385017044907123e+01
6.624990229435844924e+00,1.077315339872573574e+01
6.674984228556523291e+00,1.077203448739179237e+01
6.724974588787965502e+00,1.077023768553172189e+01
6.774959105594426489e+00,1.076735229606782696e+01
6.824934238931822605e+00,1.076271880212889442e+01
6.874894304140005907e+00,1.075527812031865516e+01
6.924830172634473868e+00,1.074332952448976641e+01
6.974727185410276142e+00,1.072414190831604941e+01
7.024561802442334191e+00,1.069332953239526596e+01
7.074296222128719336e+00,1.065527814110611260e+01
7.123869740933734818e+00,1.061271884684826716e+01
7.173184878291003486e+00,1.056735238428911750e+01
7.222085095315493142e+00,1.052023784970349141e+01
7.270319014458999973e+00,1.047203478011253885e+01
7.317482961745696457e+00,1.042315390459591029e+01
7.362928698386170367e+00,1.037385102521923130e+01
7.405615251855396153e+00,1.032428548607368413e+01
7.443870979255121867e+00,1.027455659477855576e+01
7.475011477446320995e+00,1.022472632136067539e+01
7.494726005127727575e+00,1.017483346282519996e+01
7.507520742079949905e+00,1.012490251103337613e+01
7.516320201465291895e+00,1.007494925083048543e+01
7.523135689936028214e+00,1.002498436799615611e+01
7.529525034835468311e+00,9.975015891691763059e+00
7.536948658995625827e+00,9.925051029679256231e+00
7.547103391656738047e+00,9.875097815790827127e+00
7.562310315146877571e+00,9.825166946214777042e+00
7.574616726391391275e+00,9.775274224320941840e+00
7.586835519419802942e+00,9.725444172843612733e+00
7.601759560991125930e+00,9.675715639064240037e+00
7.622800060159893754e+00,9.626150674178768796e+00
7.654766273225864559e+00,9.576848716419235075e+00
7.693536190741106395e+00,9.527969319785656310e+00
7.736542935542703781e+00,9.479768623526476645e+00
7.782188047992345759e+00,9.432657898248219652e+00
7.829476123790073849e+00,9.387297550621662268e+00
7.877787293005176217e+00,9.344748073474059780e+00
7.926735535531506116e+00,9.306712444145322394e+00
7.976080447929104977e+00,9.275925376446608084e+00
8.025672294073993740e+00,9.256778398097781135e+00
8.075417779765803772e+00,9.244895056888113416e+00
8.125258728347633408e+00,9.237559160337035280e+00
8.175158783195255907e+00,9.233093931695814049e+00
8.225095097645596098e+00,9.230478746690167213e+00
8.275053112920272014e+00,9.229115847974279419e+00
8.325023230426992882e+00,9.228693714886267330e+00
8.374998617821860947e+00,9.229115858735307043e+00
8.424973647360561202e+00,9.230478768257572852e+00
8.474942609589131592e+00,9.233093964202204518e+00
8.524898408359499413e+00,9.237559204095083132e+00
8.574830938886030651e+00,9.244895112554379679e+00
8.624724778111552581e+00,9.256778466943421435e+00
8.674555659464818547e+00,9.275925460794899990e+00
8.724284926238260240e+00,9.306712548073845070e+00
8.773850695785384346e+00,9.344748203939619913e+00
8.823153714924954372e+00,9.387297719262598150e+00
8.872034673501016044e+00,9.432658124273412881e+00
8.920237790626769581e+00,9.479768938348644980e+00
8.967352350468406286e+00,9.527969774455007368e+00
9.012718824320328892e+00,9.576849393553404255e+00
9.055278121161430605e+00,9.626151707112343914e+00
9.093329509678083511e+00,9.675717242591082012e+00
9.124141879646224140e+00,9.725446692574628571e+00
9.143329488132783567e+00,9.775278215934736892e+00
9.155278075534246440e+00,9.825173302711219137e+00
9.162718748894395304e+00,9.875107971829827136e+00
9.167352234914444509e+00,9.925067289706921869e+00
9.170237617459916279e+00,9.975041956851045555e+00
9.172034413852186319e+00,1.002502618225642550e+01
9.173153321668916504e+00,1.007501635973584087e+01
9.173850092465055894e+00,1.012501024364066105e+01
9.174283989264955252e+00,1.017500643556139828e+01
9.174554189537856175e+00,1.022500406468337175e+01
9.174722454336524891e+00,1.027500258873596728e+01
9.174827245116023988e+00,1.032500167003824743e+01
9.174892514933461030e+00,1.037500109830842199e+01
9.174933183445208584e+00,1.042500074259354648e+01
9.174958547128850839e+00,1.047500052133186088e+01
9.174974404208427359e+00,1.052500038370467372e+01
9.174984379979413518e+00,1.057500029801519403e+01
9.174990755464033754e+00,1.062500024443781399e+01
9.174994988803060636e+00,1.067500021048035741e+01
9.174998048558473229e+00,1.072500018812186262e+01
9.175000635109695324e+00,1.077500017197155557e+01
9.175003340747462488e+00,1.082500015802808058e+01
9.175006785057519210e+00,1.087500014275543769e+01
9.175011756538493657e+00,1.092500012226450146e+01
9.175019392823349662e+00,1.097500009141334232e+01
9.175031440697782870e+00,1.102500004262115141e+01
9.175050655348460538e+00,1.107499996412527388e+01
9.175081430098220636e+00,1.112499983728372577e+01
9.175130800568442879e+00,1.117499963230753401e+01
9.175210052792353466e+00,1.122499930144840086e+01
9.175337302849197130e+00,1.127499876808559165e+01
9.175541637651290827e+00,1.132499790921853133e+01
9.175869763351023778e+00,1.137499652736419442e+01
9.176396681005078548e+00,1.142499430543631256e+01
9.177242829649031819e+00,1.147499073429327332e+01
9.178601615200509656e+00,1.152498499639395746e+01
9.180783617512444650e+00,1.157497577896787000e+01
9.184287580046300192e+00,1.162496097399439954e+01
9.189914408376386845e+00,1.167493719641342764e+01
9.198950234326062514e+00,1.172489901044196614e+01
9.213460388966323578e+00,1.177483768715264567e+01
9.225332906705299152e+00,1.182473920932956446e+01
9.237281504940561661e+00,1.187458106756612608e+01
9.252037290743180264e+00,1.192432711528217482e+01
9.272973013923996533e+00,1.197391930666248072e+01
9.304873981297181018e+00,1.202326442904403159e+01
9.343603269515602605e+00,1.207221279715419193e+01
9.386584714207632629e+00,1.212052403931135203e+01
9.432214072420942230e+00,1.216781215529172577e+01
9.479492338530636886e+00,1.221345728766186944e+01
9.527797400105242787e+00,1.225646404002634071e+01
9.576741840786297644e+00,1.229523395779245831e+01
9.626084387983517843e+00,1.232720016705833643e+01
9.675674764859902410e+00,1.234824066051579550e+01
9.725419341347516067e+00,1.236316469589052680e+01
9.775259732998874185e+00,1.237538348319751158e+01
9.825159455983937917e+00,1.238768988984025476e+01
9.875095587947198439e+00,1.240289681026500013e+01
9.925053528635521261e+00,1.241305154163583602e+01
9.975023662725938323e+00,1.242047516636655224e+01
1.002499916207065844e+01,1.242686451363729638e+01
1.007497442501417950e+01,1.243368000606589874e+01
1.012494379605344541e+01,1.244247947060139126e+01
1.017490027318992496e+01,1.245527421327089002e+01
1.022483390750899090e+01,1.247498874629157584e+01
1.027472952917380233e+01,1.250612924802862125e+01
1.032456328005856427e+01,1.254438497504597372e+01
1.037429716047814132e+01,1.258707152094236648e+01
1.042387034355061459e+01,1.263251723776587809e+01
1.047318527190316750e+01,1.267968114507125321e+01
1.052208535882508400e+01,1.272791499154704553e+01
1.057031919698889233e+01,1.277681508329883542e+01
1.061748309387690448e+01,1.282613001096798833e+01
1.066292879915519975e+01,1.287570318474240416e+01
1.070561533311128422e+01,1.292543704240553382e+01
1.074387104837234652e+01,1.297527074940728653e+01
1.077501153901394026e+01,1.302516629383114655e+01
1.079472606200102547e+01,1.307509979796510535e+01
1.080752079603516336e+01,1.312505606055029084e+01
1.081632025360719140e+01,1.317502508222152535e+01
1.082313574095164377e+01,1.322499977995470388e+01
1.082952508515205281e+01,1.327497436810857145e+01
1.083694870887902972e+01,1.332494303601260732e+01
1.084710344127276826e+01,1.337489861983459072e+01
1.086231036459972898e+01,1.342483096515376673e+01
1.087461677574801300e+01,1.347472460596980426e+01
1.088683556872585356e+01,1.352455522963453305e+01
1.090175961028227469e+01,1.357428411969041804e+01
1.092280010947119173e+01,1.362384930640715552e+01
1.095476632260150929e+01,1.367315140228198089e+01
1.099353624024706200e+01,1.372203088490406664e+01
1.103654298528538469e+01,1.377023163469535483e+01
1.108218809814800565e+01,1.381734239329776948e+01
1.112947617465211181e+01,1.386270276166734128e+01
1.117778734506072524e+01,1.390525225172582147e+01
1.122673558958550366e+01,1.394328788909049699e+01
1.127608050530497863e+01,1.397407496179198105e+01
1.132567235693768026e+01,1.399322194325818813e+01
1.137541785164808061e+01,1.400510528641647845e+01
1.142525881498508333e+01,1.401244118419728224e+01
1.147515889388299470e+01,1.401690641363601308e+01
1.152509524741177671e+01,1.401952159919698992e+01
1.157505332602000081e+01,1.402088449836426776e+01
1.162502354595465093e+01,1.402130663191967663e+01
1.167499909872465835e+01,1.402088448868572534e+01
1.172497439491309024e+01,1.401952158010321448e+01
1.177494378663642216e+01,1.401690638569023761e+01
1.182490027663961385e+01,1.401244114834520182e+01
1.187483391896084584e+01,1.400510524413536828e+01
1.192472954560121323e+01,1.399322189680916395e+01
1.197456329957878474e+01,1.397407491463607698e+01
1.202429718192023600e+01,1.394328784656692122e+01
1.207387036618651521e+01,1.390525222215070045e+01
1.212318529528027788e+01,1.386270275810721841e+01
1.217208538266210738e+01,1.381734243642591409e+01
1.222031922111097124e+01,1.377023175738598937e+01
1.226748311817522641e+01,1.372203113961626109e+01
1.231292882356175156e+01,1.367315187292201806e+01
1.235561535758296969e+01,1.362385012738136147e+01
1.239387107288075107e+01,1.357428550650355525e+01
1.242501156353834979e+01,1.352455752802755384e+01
1.244472608652302625e+01,1.347472837082823993e+01
1.245752082053346754e+01,1.342483708722271984e+01
1.246632027805137888e+01,1.337490852920360673e+01
1.247313576529320933e+01,1.332495902888130068e+01
1.247952510931050796e+01,1.327500013152244485e+01
1.248694873271964312e+01,1.322504123445115098e+01
1.249710346457059629e+01,1.317509173499122532e+01
1.251231038698143649e+01,1.312516317840847613e+01
1.252461679659794314e+01,1.307527189681219149e+01
1.253683558703466261e+01,1.302544274219393650e+01
1.255175962440340953e+01,1.297571476687018333e+01
1.257280011672954245e+01,1.292615014971581644e+01
1.260476631866493591e+01,1.287684840847044576e+01
1.264353621811748951e+01,1.282796914664433352e+01
1.268654293367932517e+01,1.277976853431623816e+01
1.273218799889703945e+01,1.273265786129068999e+01
1.277947599852992688e+01,1.268729754619288919e+01
1.282778704508373480e+01,1.264474808929389482e+01
1.287673509025652052e+01,1.260671247256870231e+01
1.292607968534195351e+01,1.257592541271468178e+01
1.297567102154008900e+01,1.255677843924909531e+01
1.302541568796175753e+01,1.254489510108096617e+01
1.307525532058541984e+01,1.253755920642809940e+01
1.312515326192869125e+01,1.253309397897872657e+01
1.317508618221691741e+01,1.253047879473438542e+01
1.322503874688747594e+01,1.252911589652745228e+01
1.327500011157338022e+01,1.252869376381791078e+01
1.332496144341906685e+01,1.252911590800905017e+01
1.337491390217117626e+01,1.253047881792581641e+01
1.342484661957837311e+01,1.253309401442214366e+01
1.347474421524758093e+01,1.253755925517000414e+01
1.352458328115114483e+01,1.254489516500983548e+01
1.357432703124260343e+01,1.255677852165589847e+01
1.362391689323501076e+01,1.257592551920249235e+01
1.367325912066179860e+01,1.260671261251711073e+01
1.372220336511914596e+01,1.264474827821043590e+01
1.377050831091638550e+01,1.268729780948621411e+01
1.381778651719735151e+01,1.273265824032488958e+01
1.386341586001775283e+01,1.277976909612681844e+01
1.390639733256817934e+01,1.282796999953298744e+01
1.394512670073728167e+01,1.287684972703902275e+01
1.397702782100186525e+01,1.292615221505707801e+01
1.399796380759121917e+01,1.297571803109695843e+01
1.401272003016323708e+01,1.302544793205107787e+01
1.402466934095138917e+01,1.307528018004887826e+01
1.403654301238529634e+01,1.312517643093381992e+01
1.405105502790040717e+01,1.317511296987266789e+01
1.406009384938108653e+01,1.322507529080867172e+01
1.406572549447756337e+01,1.327505478077724277e+01
1.406923719759093672e+01,1.332504675121430537e+01
1.407143163486163395e+01,1.337504936627133922e+01
1.407281039298865011e+01,1.342506322318113732e+01
1.407368861760976131e+01,1.347509148875838214e+01
1.407426704658662509e+01,1.352514062323544408e+01
1.407467789294531890e+01,1.357522185688168115e+01
1.407501506500110011e+01,1.362535375691924777e+01
1.407535563112386612e+01,1.367556647145879190e+01
1.407577743537568438e+01,1.372590862049720428e+01
1.407637689045113305e+01,1.377645840906223640e+01
1.407729101487745460e+01,1.382734150265087791e+01
1.407872875154813563e+01,1.387875975077556490e+01
1.408101872611126559e+01,1.393103732399974426e+01
1.408468436141516555e+01,1.398469481007057702e+01
1.409056351702703225e+01,1.404056820540736794e+01
1.409999999999999964e+01,1.409999999999999964e+01
