time_s,actual_mps,fit_mps
3.333333333333333287e-02,0.000000000000000000e+00,0.000000000000000000e+00
6.666666666666666574e-02,0.000000000000000000e+00,0.000000000000000000e+00
1.000000000000000056e-01,0.000000000000000000e+00,0.000000000000000000e+00
1.333333333333333315e-01,0.000000000000000000e+00,0.000000000000000000e+00
1.666666666666666574e-01,0.000000000000000000e+00,0.000000000000000000e+00
2.000000000000000111e-01,1.836284576455329137e-02,0.000000000000000000e+00
2.333333333333333370e-01,4.685215095593099621e-02,2.874580549664929041e-02
2.666666666666666630e-01,8.025145185326792996e-02,7.613603001917723656e-02
2.999999999999999889e-01,1.153121521429232021e-01,1.187606027841384138e-01
3.333333333333333148e-01,1.500624429647927915e-01,1.570987668612423005e-01
3.666666666666666408e-01,1.833539254894934467e-01,1.915815717190819112e-01
4.000000000000000222e-01,2.145646984162734305e-01,2.225967196659804359e-01
4.333333333333333481e-01,2.434053809354983222e-01,2.504929249234627009e-01
4.666666666666666741e-01,2.697928052730795279e-01,2.755838343429485304e-01
5.000000000000000000e-01,2.937681505548034866e-01,2.981515538476645633e-01
5.333333333333333259e-01,3.154442232140934332e-01,3.184498202488022511e-01
5.666666666666666519e-01,3.349718172771828928e-01,3.367068540977675717e-01
5.999999999999999778e-01,3.525185326887700366e-01,3.531279256501432817e-01
6.333333333333333037e-01,3.682556992477947766e-01,3.678976627913999597e-01
6.666666666666666297e-01,3.823505484119115727e-01,3.811821268731764301e-01
6.999999999999999556e-01,3.949617593432845908e-01,3.931306797994875701e-01
7.333333333333332815e-01,4.062371532249233197e-01,4.038776633551664497e-01
7.666666666666667185e-01,4.163127358467251238e-01,4.135439096578215068e-01
8.000000000000000444e-01,4.253125683923613676e-01,4.222380997158511340e-01
8.333333333333333703e-01,4.333491301113017724e-01,4.300579853672626962e-01
8.666666666666666963e-01,4.405239569935217592e-01,4.370914883379821703e-01
9.000000000000000222e-01,4.469284193305381181e-01,4.434176887767560249e-01
9.333333333333333481e-01,4.526445524115685903e-01,4.491077143810883188e-01
9.666666666666666741e-01,4.577458879653645285e-01,4.542255401109719926e-01
1.000000000000000000e+00,4.622982555053645193e-01,4.588287074818738764e-01
1.033333333333333437e+00,4.663605365423196258e-01,4.629689715242405468e-01
1.066666666666666652e+00,4.699853633750413762e-01,4.666928826835159416e-01
1.100000000000000089e+00,4.732197596189673949e-01,4.700423102031793809e-01
1.133333333333333304e+00,4.761057229416212344e-01,4.730549128753822052e-01
1.166666666666666741e+00,4.786807524033664940e-01,4.757645624519986072e-01
1.199999999999999956e+00,4.809783238485784151e-01,4.782017244766505470e-01
1.233333333333333393e+00,4.830283172815058590e-01,4.803938008195340892e-01
1.266666666666666607e+00,4.848574003043200076e-01,4.823654377662882631e-01
1.300000000000000044e+00,4.864893716293409165e-01,4.841388031248562429e-01
1.333333333333333259e+00,4.879454684915580098e-01,4.857338354659503366e-01
1.366666666666666696e+00,4.892446415377172397e-01,4.871684682994181226e-01
1.399999999999999911e+00,4.904038004899484715e-01,4.884588317070041041e-01
1.433333333333333348e+00,4.914380335970939262e-01,4.896194336985338902e-01
1.466666666666666563e+00,4.923608036087161466e-01,4.906633233305739972e-01
1.500000000000000000e+00,4.931841227426919105e-01,4.916022374215661128e-01
1.533333333333333437e+00,4.939187088712320706e-01,4.924467325130067463e-01
1.566666666666666652e+00,4.945741249237217696e-01,4.932063035603574397e-01
1.600000000000000089e+00,4.951589032981923433e-01,4.938894906881703961e-01
1.633333333333333304e+00,4.956806568859175033e-01,4.945039752097135644e-01
1.666666666666666741e+00,4.961461781445250518e-01,4.950566659906784905e-01
1.699999999999999956e+00,4.965615275028324449e-01,4.955537771279883152e-01
1.733333333333333393e+00,4.969321122439771532e-01,4.960008978170760696e-01
1.766666666666666607e+00,4.972627568909350204e-01,4.964030551931754576e-01
1.800000000000000044e+00,4.975577660088690846e-01,4.967647708531712225e-01
1.833333333333333259e+00,4.978209802406713957e-01,4.970901116935039776e-01
1.866666666666666696e+00,4.980558263043913803e-01,4.973827356357177210e-01
1.899999999999999911e+00,4.982653616029136812e-01,4.976459327537589572e-01
1.933333333333333348e+00,4.984523140262929752e-01,4.978826622654359269e-01
1.966666666666666563e+00,4.986191174646867896e-01,4.980955858039452511e-01
2.000000000000000000e+00,4.987679434940679446e-01,4.982870973435508111e-01
2.033333333333333215e+00,4.989007296471227870e-01,4.984593501158787188e-01
2.066666666666666874e+00,4.990192046373204127e-01,4.986142808194580778e-01
2.100000000000000089e+00,4.991249108644957300e-01,4.987536313947039113e-01
2.133333333333333304e+00,4.992192244949119617e-01,4.988789686091664177e-01
2.166666666666666519e+00,4.993033733772014870e-01,4.989917016732495769e-01
2.200000000000000178e+00,4.993784530274156253e-01,4.990930980844597298e-01
2.233333333333333393e+00,4.994454408912815113e-01,4.991842978783261331e-01
2.266666666666666607e+00,4.995052090693373747e-01,4.992663264462211536e-01
2.299999999999999822e+00,4.995585356706086499e-01,4.993401060641966538e-01
2.333333333333333481e+00,4.996061149426330728e-01,4.994064662624581041e-01
2.366666666666666696e+00,4.996485663097146590e-01,4.994661531520643294e-01
2.399999999999999911e+00,4.996864424370714985e-01,4.995198378137170048e-01
2.433333333333333126e+00,4.997202364258630514e-01,4.995681238429568460e-01
2.466666666666666785e+00,4.997503882327667957e-01,4.996115541366007440e-01
2.500000000000000000e+00,4.997772903976783199e-01,4.996506169967218081e-01
2.533333333333333215e+00,4.998012931541032655e-01,4.996857516208011996e-01
2.566666666666666874e+00,4.998227089887718466e-01,4.997173530397800989e-01
2.600000000000000089e+00,4.998418167098359621e-01,4.997457765595315626e-01
2.633333333333333304e+00,4.998588650766124797e-01,4.997713417556894355e-01
2.666666666666666519e+00,4.998740760381272796e-01,4.997943360667495560e-01
2.700000000000000178e+00,4.998876476226218335e-01,4.998150180258421615e-01
2.733333333333333393e+00,4.998997565156402811e-01,4.998336201675104840e-01
2.766666666666666607e+00,4.999105603602607140e-01,4.998503516421788917e-01
2.799999999999999822e+00,4.999201998094162103e-01,4.998654005677041767e-01
2.833333333333333481e+00,4.999288003570255268e-01,4.998789361444512802e-01
2.866666666666666696e+00,4.999364739717712114e-01,4.998911105576723246e-01
2.899999999999999911e+00,4.999433205547959003e-01,4.999020606885787865e-01
2.933333333333333126e+00,4.999494292402938411e-01,4.999119096533455320e-01
2.966666666666666785e+00,4.999548795559298764e-01,4.999207681873488740e-01
3.000000000000000000e+00,4.999597424581929683e-01,4.999287358902036460e-01
3.033333333333333215e+00,4.999640812561634839e-01,4.999359023455965945e-01
3.066666666666666874e+00,4.999679524357205640e-01,4.999423481285072968e-01
3.100000000000000089e+00,4.999714063949196041e-01,4.999481457111411564e-01
3.133333333333333304e+00,4.999744881001138008e-01,4.999533602777596619e-01
3.166666666666666519e+00,4.999772376713613742e-01,4.999580504575700801e-01
3.200000000000000178e+00,4.999796909047399818e-01,4.999622689839143819e-01
3.233333333333333393e+00,4.999818797383682178e-01,4.999660632871685828e-01
3.266666666666666607e+00,4.999838326682011225e-01,4.999694760280192773e-01
3.299999999999999822e+00,4.999855751190128150e-01,4.999725455771126259e-01
3.333333333333333481e+00,4.999871297753962773e-01,4.999753064464692032e-01
3.366666666666666696e+00,4.999885168770891175e-01,4.999777896775146613e-01
3.399999999999999911e+00,4.999897544824704609e-01,4.999800231900893288e-01
3.433333333333333126e+00,4.999908587036590579e-01,4.999820320963610509e-01
3.466666666666666785e+00,4.999918439162734374e-01,4.999838389831698926e-01
3.500000000000000000e+00,4.999927229465850886e-01,4.999854641659799981e-01
3.533333333333333215e+00,4.999935072385008339e-01,4.999869259172935454e-01
3.566666666666666874e+00,4.999942070025488183e-01,4.999882406720949080e-01
3.600000000000000089e+00,4.999948313488068452e-01,4.999894232126348981e-01
3.633333333333333304e+00,4.999953884055048370e-01,4.999904868346329856e-01
3.666666666666666519e+00,4.999958854248442996e-01,4.999914434967654975e-01
3.700000000000000178e+00,4.999963288774132986e-01,4.999923039551213977e-01
3.733333333333333393e+00,4.999967245364255741e-01,4.999930778841367163e-01
3.766666666666666607e+00,4.999970775528809197e-01,4.999937739853677621e-01
3.799999999999999822e+00,4.999973925226247062e-01,4.999944000853255854e-01
3.833333333333333481e+00,4.999976735461804656e-01,4.999949632234723107e-01
3.866666666666666696e+00,4.999979242821334657e-01,4.999954697313682694e-01
3.899999999999999911e+00,4.999981479947612772e-01,4.999959253038599449e-01
3.933333333333333126e+00,4.999983475965305568e-01,4.999963350631091985e-01
3.966666666666666785e+00,4.999985256860138838e-01,4.999967036161833689e-01
4.000000000000000000e+00,4.999986845817199765e-01,4.999970351068544483e-01
